{
    "are.id.type1": [
        "number" 
    ], 
    "aut.drvlic.type1": [
        "issue_date", 
        "surname", 
        "name", 
        "birth_place_and_birth_date", 
        "number", 
        "expiry_date", 
        "issue_place"
    ], 
    "aut.drvlic.type2": [
        "issue_date", 
        "surname", 
        "name", 
        "birth_place_and_birth_date", 
        "number", 
        "issue_place"
    ], 
    "aut.id.common": [
        "surname", 
        "name", 
        "number", 
        "gender", 
        "birth_date"
    ], 
    "aut.passport.type1": [
        "issue_date", 
        "full_mrz", 
        "surname", 
        "name", 
        "expiry_date_mrz", 
        "surname_mrz", 
        "number", 
        "height", 
        "expiry_date_mrz_formatted", 
        "name_mrz", 
        "expiry_date", 
        "birth_place", 
        "number_mrz", 
        "birth_date", 
        "birth_date_mrz", 
        "birth_date_mrz_formatted", 
        "dvr_number"
    ],
    "aze.vrd.type1": [
        "registration_number",
        "manufacture_year",
        "engine_number",
        "body",
        "number"
    ],
    "bel.drvlic.type1": [
        "issue_date", 
        "surname", 
        "name", 
        "number", 
        "expiry_date",
        "birth_date"
    ],
    "bel.id.type1": [
        "issue_date", 
        "surname", 
        "name", 
        "gender", 
        "number", 
        "expiry_date", 
        "nationality"
    ], 
    "bgr.id.type1": [
        "surname", 
        "name", 
        "id_number", 
        "number", 
        "patronymic", 
        "expiry_date", 
        "gender", 
        "birth_date",
        "issue_date",
        "id_number_mrz",
        "number_mrz",
        "surname_mrz",
        "name_mrz",
        "gender_mrz",
        "birth_date_mrz",
        "expiry_date_mrz",
        "birth_date_mrz_formatted",
        "expiry_date_mrz_formatted",
        "full_mrz",
        "address",
        "region",
        "municipality_and_city",
        "municipality",
        "city"
    ],
    "bgr.id.type2": [
        "surname", 
        "name", 
        "id_number", 
        "number", 
        "patronymic", 
        "expiry_date", 
        "gender", 
        "birth_date",
        "issue_date",
        "id_number_mrz",
        "number_mrz",
        "surname_mrz",
        "name_mrz",
        "gender_mrz",
        "birth_date_mrz",
        "expiry_date_mrz",
        "birth_date_mrz_formatted",
        "expiry_date_mrz_formatted",
        "full_mrz",
        "municipality",
        "address",
        "region",
        "city"
    ],
    "bhr.id.type1": [
        "name",
        "number", 
        "expiry_date"
    ],
    "blr.drvlic.type1": [
        "issue_date", 
        "surname", 
        "name", 
        "number", 
        "patronymic", 
        "expiry_date", 
        "birth_place", 
        "name_and_patronymic", 
        "birth_date"
    ], 
    "blr.passport.type1": [
        "issue_date", 
        "birth_date_mrz", 
        "nationality_mrz", 
        "gender", 
        "expiry_date_mrz", 
        "surname_mrz", 
        "number", 
        "full_mrz", 
        "expiry_date_mrz_formatted", 
        "number_mrz", 
        "birth_place", 
        "gender_mrz", 
        "birth_date", 
        "name_mrz", 
        "surname", 
        "birth_date_mrz_formatted", 
        "id_number", 
        "expiry_date", 
        "name"
    ],
    "blr.passport.internal": [
        "name",
        "surname",
        "patronymic",
        "birth_date",
        "id_number",
        "issue_date",
        "expiry_date"
    ],
    "can.passport.type1": [
        "issue_date", 
        "expiry_date_mrz", 
        "surname", 
        "name", 
        "surname_mrz", 
        "number", 
        "gender_mrz", 
        "expiry_date_mrz_formatted", 
        "birth_date_mrz", 
        "expiry_date", 
        "birth_place", 
        "number_mrz", 
        "gender", 
        "birth_date", 
        "nationality", 
        "full_mrz", 
        "name_mrz", 
        "birth_date_mrz_formatted"
    ], 
    "can.passport.type2": [
        "issue_date", 
        "expiry_date_mrz", 
        "surname", 
        "name", 
        "surname_mrz", 
        "number", 
        "authority", 
        "gender_mrz", 
        "expiry_date_mrz_formatted", 
        "birth_date_mrz", 
        "expiry_date", 
        "birth_place", 
        "number_mrz", 
        "gender", 
        "birth_date", 
        "nationality", 
        "full_mrz", 
        "name_mrz", 
        "birth_date_mrz_formatted"
    ], 
    "card.embossed": [
        "number", 
        "expiry_date", 
        "name"
    ], 
    "card.indent": [
        "number", 
        "expiry_date", 
        "name"
    ], 
    "che.drvlic.type1": [
        "surname", 
        "name", 
        "birth_date", 
        "birth_place", 
        "issue_date", 
        "expiry_date", 
        "number", 
        "issue_place"
    ],
    "che.id.type1": [
        "surname", 
        "name", 
        "birth_date",
        "number"
    ],
    "chn.id.type1": [
        "number"
    ], 
    "chn.passport.type1": [
        "birth_date_mrz", 
        "surname_mrz", 
        "number", 
        "birth_place", 
        "number_mrz", 
        "name_mrz", 
        "gender_mrz", 
        "issue_date", 
        "nationality_mrz", 
        "full_mrz", 
        "expiry_date_mrz_formatted", 
        "country_mrz", 
        "opt_data_2_mrz", 
        "expiry_date", 
        "issue_place", 
        "surname", 
        "birth_date_mrz_formatted", 
        "name", 
        "gender", 
        "expiry_date_mrz", 
        "birth_date"
    ], 
    "chn.passport.type3": [
        "birth_date_mrz", 
        "surname_and_name", 
        "surname_mrz", 
        "number", 
        "birth_place", 
        "number_mrz", 
        "name_mrz", 
        "gender_mrz", 
        "issue_date", 
        "nationality_mrz", 
        "full_mrz", 
        "expiry_date_mrz_formatted", 
        "country_mrz", 
        "opt_data_2_mrz", 
        "expiry_date", 
        "issue_place", 
        "nationality", 
        "birth_date_mrz_formatted", 
        "gender", 
        "expiry_date_mrz", 
        "birth_date"
    ], 
    "cyp.id.type1": [
        "issue_date", 
        "surname", 
        "name", 
        "id_number", 
        "expiration_date", 
        "number", 
        "father_surname", 
        "father_name", 
        "birth_place", 
        "mother_surname", 
        "birth_date", 
        "nationality", 
        "mother_name", 
        "gender"
    ], 
    "cyp.id.type2": [
        "surname", 
        "id_number", 
        "surname_mrz", 
        "expiration_date_mrz", 
        "height", 
        "father_name", 
        "birth_place", 
        "number_mrz", 
        "name_mrz", 
        "birth_date_mrz", 
        "mother_name", 
        "issue_date", 
        "full_mrz", 
        "gender_mrz", 
        "mother_surname", 
        "number", 
        "father_surname", 
        "issue_place", 
        "nationality", 
        "birth_date_mrz_formatted", 
        "name", 
        "expiration_date", 
        "gender", 
        "birth_date", 
        "expiration_date_mrz_formatted"
    ], 
    "cze.drvlic.type1": [
        "issue_date", 
        "surname", 
        "name", 
        "number", 
        "driver_id", 
        "birth_date", 
        "expiry_date"
    ], 
    "cze.id.type1": [
        "issue_date", 
        "surname", 
        "name", 
        "number", 
        "expiry_date", 
        "gender", 
        "birth_date"
    ], 
    "deu.drvlic.common": [
        "issue_date", 
        "surname", 
        "name", 
        "number", 
        "issue_place_second", 
        "birth_place", 
        "issue_place", 
        "birth_date", 
        "surname_second"
    ], 
    "deu.id.type1": [
        "birth_date_mrz", 
        "surname_mrz", 
        "number", 
        "authority", 
        "height", 
        "surname_second", 
        "number_mrz", 
        "eyes_color", 
        "name_mrz", 
        "issue_date", 
        "full_mrz", 
        "expiry_date_mrz_formatted", 
        "rfid_number", 
        "expiry_date", 
        "surname", 
        "birth_date_mrz_formatted", 
        "name", 
        "expiry_date_mrz", 
        "birth_date_and_nationality", 
        "birth_date", 
        "nationality", 
        "birth_place",
        "address_line1",
        "address_line2",
        "address_line3"
    ], 
    "deu.id.type2": [
        "birth_date_mrz", 
        "name", 
        "birth_place_and_birth_date", 
        "birth_date", 
        "birth_place", 
        "expiry_date_mrz", 
        "surname_mrz", 
        "number", 
        "full_mrz", 
        "expiry_date_mrz_formatted", 
        "number_mrz", 
        "nationality", 
        "surname_second", 
        "name_mrz", 
        "surname", 
        "birth_date_mrz_formatted", 
        "expiry_date"
    ], 
    "deu.passport.type1": [
        "issue_date", 
        "birth_date_mrz", 
        "name", 
        "nationality", 
        "expiry_date_mrz", 
        "surname_mrz", 
        "number", 
        "surname_second", 
        "full_mrz", 
        "expiry_date_mrz_formatted", 
        "number_mrz", 
        "birth_place", 
        "gender", 
        "birth_date", 
        "name_mrz", 
        "surname", 
        "birth_date_mrz_formatted", 
        "expiry_date"
    ], 
    "deu.passport.type2": [
        "issue_date", 
        "birth_date_mrz", 
        "name", 
        "name_second", 
        "authority", 
        "nationality", 
        "expiry_date_mrz", 
        "surname_mrz", 
        "number", 
        "surname_second", 
        "full_mrz", 
        "expiry_date_mrz_formatted", 
        "number_mrz", 
        "birth_place", 
        "gender", 
        "birth_date", 
        "name_mrz", 
        "surname", 
        "birth_date_mrz_formatted", 
        "expiry_date"
    ], 
    "ektp_face": [
        "number", 
        "name", 
        "province_1", 
        "province_0"
    ], 
    "esp.id.type1": [
        "idesp", 
        "name", 
        "gender", 
        "number", 
        "expiry_date", 
        "surname_second", 
        "birth_date", 
        "nationality", 
        "surname"
    ],
    "esp.id.type2": [
        "idesp", 
        "name", 
        "gender", 
        "number", 
        "expiry_date", 
        "surname_second", 
        "birth_date", 
        "nationality", 
        "surname"
    ],
    "esp.residence.type1": [
        "name",
        "name_second",
        "expiry_date",
        "number",
        "place",
        "province",
        "nie_number",
        "issue_place",
        "issue_date",
        "permission_type",
        "address",
        "address_second"
    ],
    "esp.residence.type2": [
        "number",
        "nie_number",
        "name",
        "name_second",
        "nationality",
        "birth_date",
        "address",
        "address_second",
        "place",
        "province",
        "place_date"
    ],
    "esp.drvlic.type1": [
        "name",
        "issue_date",
        "birth_date",
        "name",
        "surname",
        "number",
        "expiry_date"
    ],
    "esp.drvlic.type2": [
        "name",
        "surname",
        "expiry_date",
        "issue_date",
        "birth_date",
        "number"
    ],
    "est.id.type1": [
        "surname", 
        "citizenship", 
        "id_number", 
        "number", 
        "expiry_date", 
        "name2", 
        "gender", 
        "birth_date", 
        "name"
    ], 
    "fin.drvlic.type1": [
        "issue_date", 
        "surname", 
        "name", 
        "number", 
        "driver_id", 
        "issue_place", 
        "birth_date", 
        "nationality", 
        "expiry_date"
    ], 
    "fin.id.type1": [
        "surname", 
        "name",
        "issue_date",
        "expiry_date",
        "birth_date",
        "number"
    ],
    "fin.id.type2": [
        "surname", 
        "name",
        "issue_date",
        "expiry_date",
        "birth_date",
        "number",
        "gender"
    ], 
    "gbr.drvlic.provisional.type1": [
        "issue_date", 
        "surname", 
        "name", 
        "birth_place_and_birth_date", 
        "number", 
        "authority", 
        "expiry_date", 
        "birth_place", 
        "birth_date"
    ], 
    "gbr.drvlic.type1": [
        "issue_date", 
        "surname", 
        "name", 
        "birth_place_and_birth_date", 
        "number", 
        "authority", 
        "expiry_date", 
        "birth_place", 
        "birth_date"
    ], 
    "gbr.drvlic.type2": [
        "issue_date", 
        "surname", 
        "name", 
        "birth_place_and_birth_date", 
        "number", 
        "authority", 
        "expiry_date", 
        "birth_place", 
        "birth_date"
    ], 
    "gbr.passport.type1": [
        "gender", 
        "full_mrz", 
        "surname", 
        "name", 
        "expiry_date_mrz", 
        "surname_mrz", 
        "number", 
        "authority", 
        "issue_date", 
        "expiry_date_mrz_formatted", 
        "birth_date_mrz", 
        "expiry_date", 
        "birth_place", 
        "number_mrz", 
        "birth_date", 
        "nationality", 
        "name_mrz", 
        "birth_date_mrz_formatted"
    ], 
    "gbr.passport.type2": [
        "issue_date", 
        "expiry_date_mrz", 
        "surname", 
        "name", 
        "surname_mrz", 
        "number", 
        "authority", 
        "expiry_date_mrz_formatted", 
        "birth_date_mrz", 
        "expiry_date", 
        "birth_place", 
        "number_mrz", 
        "gender", 
        "birth_date", 
        "nationality", 
        "full_mrz", 
        "name_mrz", 
        "birth_date_mrz_formatted"
    ], 
    "idmrz.mrp": [
        "opt_data_1_mrz", 
        "expiry_date_mrz", 
        "doc_num_mrz", 
        "nationality_mrz", 
        "opt_data_2_mrz", 
        "surname_mrz", 
        "birth_date_mrz", 
        "full_mrz", 
        "expiry_date_mrz_formatted", 
        "doc_type_code_mrz", 
        "gender_mrz", 
        "name_mrz", 
        "birth_date_mrz_formatted", 
        "country_mrz"
    ], 
    "ind.passport.type1": [
        "issue_date", 
        "expiry_date_mrz", 
        "surname", 
        "name", 
        "surname_mrz", 
        "number", 
        "gender_mrz", 
        "expiry_date_mrz_formatted", 
        "birth_date_mrz", 
        "expiry_date", 
        "birth_place", 
        "number_mrz", 
        "issue_place", 
        "gender", 
        "birth_date", 
        "nationality", 
        "full_mrz", 
        "name_mrz", 
        "birth_date_mrz_formatted"
    ],
    "ind.aadhaar.type1": [
        "number"
    ],
    "isr.drvlic.type1": [
        "driver_id", 
        "issue_date", 
        "surname", 
        "name", 
        "number", 
        "expiry_date", 
        "birth_date"
    ], 
    "ita.drvlic.type1": [
        "issue_date", 
        "surname", 
        "name", 
        "number", 
        "expiry_date", 
        "birth_date"
    ], 
    "ita.drvlic.type2": [
        "issue_date", 
        "surname", 
        "name", 
        "number", 
        "expiry_date", 
        "birth_date"
    ], 
    "ita.passport.type1": [
        "issue_date", 
        "expiry_date_mrz", 
        "surname", 
        "name", 
        "surname_mrz", 
        "number", 
        "gender_mrz", 
        "expiry_date_mrz_formatted", 
        "birth_date_mrz", 
        "expiry_date", 
        "birth_place", 
        "number_mrz", 
        "gender", 
        "birth_date", 
        "nationality", 
        "full_mrz", 
        "name_mrz", 
        "birth_date_mrz_formatted"
    ], 
    "jpn.drvlic.type1": [
        "number"
    ], 
    "jpn.insurance.type1": [
        "serial_number", 
        "insurance_type", 
        "insurer_number", 
        "organization"
    ], 
    "jpn.passport.type1": [
        "issue_date", 
        "expiry_date_mrz", 
        "surname", 
        "name", 
        "surname_mrz", 
        "number", 
        "gender_mrz", 
        "expiry_date_mrz_formatted", 
        "birth_date_mrz", 
        "expiry_date", 
        "birth_place", 
        "number_mrz", 
        "gender", 
        "birth_date", 
        "nationality", 
        "full_mrz", 
        "name_mrz", 
        "birth_date_mrz_formatted"
    ], 
    "kaz.id.type1": [
        "birth_date_mrz", 
        "name", 
        "expiry_date_mrz", 
        "surname_mrz", 
        "number", 
        "patronymic", 
        "inn", 
        "full_mrz", 
        "expiry_date_mrz_formatted", 
        "number_mrz", 
        "gender_mrz", 
        "birth_date", 
        "name_mrz", 
        "surname", 
        "birth_date_mrz_formatted"
    ], 
    "kaz.id.type2": [
        "birth_date_mrz", 
        "name", 
        "inn_mrz", 
        "expiry_date_mrz", 
        "surname_mrz", 
        "number", 
        "patronymic", 
        "inn", 
        "full_mrz", 
        "expiry_date_mrz_formatted", 
        "number_mrz", 
        "gender_mrz", 
        "birth_date", 
        "name_mrz", 
        "surname", 
        "birth_date_mrz_formatted"
    ], 
    "kgz.id.type1": [
        "surname", 
        "id_number", 
        "surname_mrz", 
        "number", 
        "authority", 
        "birth_date_mrz", 
        "birth_place", 
        "number_mrz", 
        "name_mrz", 
        "patronymic", 
        "gender_mrz", 
        "issue_date", 
        "family_status", 
        "full_mrz", 
        "expiry_date_mrz_formatted", 
        "address2", 
        "expiry_date", 
        "address", 
        "nationality", 
        "birth_date_mrz_formatted", 
        "name", 
        "gender", 
        "expiry_date_mrz", 
        "birth_date", 
        "id_number_mrz"
    ], 
    "kwt.id.type1": [
        "number", 
        "name", 
        "name_second", 
        "expiry_date",
        "serial_number",
        "full_mrz"
    ], 
    "lva.id.type1": [
        "surname", 
        "name", 
        "id_number", 
        "surname2", 
        "number", 
        "expiry_date", 
        "birth_date", 
        "nationality"
    ], 
    "mrz.chedl": [
        "full_mrz", 
        "doc_type_code", 
        "first_name", 
        "second_name", 
        "country", 
        "number", 
        "number_formatted", 
        "mrz_line_1", 
        "mrz_line_2", 
        "birth_date", 
        "birth_date_formatted", 
        "opt_data_2", 
        "opt_data_1"
    ], 
    "mrz.cnis": [
        "full_mrz", 
        "doc_type_code", 
        "first_name", 
        "second_name", 
        "gender", 
        "nationality", 
        "country", 
        "number", 
        "number_formatted", 
        "mrz_line_1", 
        "mrz_line_2", 
        "birth_date", 
        "birth_date_formatted", 
        "opt_data_2", 
        "opt_data_1"
    ], 
    "mrz.m3z": [
        "full_mrz", 
        "doc_type_code", 
        "first_name", 
        "second_name", 
        "gender", 
        "nationality", 
        "country", 
        "number", 
        "number_formatted", 
        "mrz_line_1", 
        "mrz_line_2", 
        "birth_date", 
        "birth_date_formatted", 
        "opt_data_2", 
        "opt_data_1", 
        "department_code", 
        "issue_date", 
        "issue_date_formatted"
    ], 
    "mrz.mrp": [
        "full_mrz", 
        "doc_type_code", 
        "first_name", 
        "second_name", 
        "gender", 
        "nationality", 
        "country", 
        "number", 
        "number_formatted", 
        "mrz_line_1", 
        "mrz_line_2", 
        "birth_date", 
        "birth_date_formatted", 
        "opt_data_2", 
        "opt_data_1", 
        "expiry_date", 
        "expiry_date_formatted"
    ], 
    "mrz.mrva": [
        "full_mrz", 
        "doc_type_code", 
        "first_name", 
        "second_name", 
        "gender", 
        "nationality", 
        "country", 
        "number", 
        "number_formatted", 
        "mrz_line_1", 
        "mrz_line_2", 
        "birth_date", 
        "birth_date_formatted", 
        "opt_data_2", 
        "opt_data_1", 
        "expiry_date", 
        "expiry_date_formatted"
    ], 
    "mrz.mrvb": [
        "full_mrz", 
        "doc_type_code", 
        "first_name", 
        "second_name", 
        "gender", 
        "nationality", 
        "country", 
        "number", 
        "number_formatted", 
        "mrz_line_1", 
        "mrz_line_2", 
        "birth_date", 
        "birth_date_formatted", 
        "opt_data_2", 
        "opt_data_1", 
        "expiry_date", 
        "expiry_date_formatted"
    ], 
    "mrz.mrvrus": [
        "full_mrz", 
        "doc_type_code", 
        "first_name", 
        "second_name", 
        "gender", 
        "nationality", 
        "country", 
        "number", 
        "number_formatted", 
        "mrz_line_1", 
        "mrz_line_2", 
        "birth_date", 
        "birth_date_formatted", 
        "opt_data_2", 
        "opt_data_1", 
        "expiry_date", 
        "expiry_date_formatted"
    ], 
    "mrz.td1": [
        "full_mrz", 
        "doc_type_code", 
        "first_name", 
        "second_name", 
        "gender", 
        "nationality", 
        "country", 
        "number", 
        "number_formatted", 
        "mrz_line_1", 
        "mrz_line_2", 
        "mrz_line_3", 
        "birth_date", 
        "birth_date_formatted", 
        "opt_data_2", 
        "opt_data_1", 
        "expiry_date", 
        "expiry_date_formatted"
    ], 
    "mrz.td2": [
        "full_mrz", 
        "doc_type_code", 
        "first_name", 
        "second_name", 
        "gender", 
        "nationality", 
        "country", 
        "number", 
        "number_formatted", 
        "mrz_line_1", 
        "mrz_line_2", 
        "birth_date", 
        "birth_date_formatted", 
        "opt_data_2", 
        "opt_data_1", 
        "expiry_date", 
        "expiry_date_formatted"
    ], 
    "mrz.bgrvrd": [
        "full_mrz",
        "doc_type_code",
        "proprietor",
        "country",
        "number",
        "number_formatted",
        "mrz_line_1",
        "mrz_line_2",
        "mrz_line_3",
        "id_number",
        "vehicle_number",
        "vin"
    ],
    "mys.id.type1": [
        "address_line2", 
        "address_line3", 
        "address_line1", 
        "name", 
        "address_line4", 
        "address_line5", 
        "gender", 
        "number", 
        "nationality"
    ], 
    "nga.id.type1" : [
        "name",
        "surname",
        "gender",
        "birth_date",
        "height"
    ],
    "nld.drvlic.type1": [
        "issue_date", 
        "surname", 
        "name", 
        "number", 
        "expiry_date", 
        "birth_place", 
        "issue_place", 
        "residence", 
        "birth_date", 
        "surname_second"
    ], 
    "nld.drvlic.type2": [
        "issue_date", 
        "surname", 
        "name", 
        "number", 
        "expiry_date", 
        "birth_place", 
        "issue_place", 
        "birth_date", 
        "surname_second"
    ], 
    "nld.id.type1": [
        "issue_date", 
        "surname", 
        "name", 
        "id_number", 
        "number", 
        "authority", 
        "height", 
        "expiry_date", 
        "birth_place", 
        "gender", 
        "birth_date", 
        "nationality"
    ], 
    "nld.id.type2": [
        "issue_date", 
        "surname", 
        "name", 
        "number", 
        "expiry_date", 
        "gender", 
        "birth_date", 
        "nationality"
    ],
    "nor.drvlic.type1":[
        "name",
        "surname",
        "issue_date",
        "expiry_date",
        "birth_date",
        "number",
        "authority",
        "reference_number"
    ], 
    "nor.id.type1": [
        "name",
        "surname",
        "gender",
        "number",
        "birth_date",
        "issue_date",
        "expiry_date"
    ],
    "nzl.drvlic.type1": [
        "number",
        "version",
        "birth_date",
        "surname",
        "name",
        "name_second"
    ],
    "phl.passport.type1": [
        "issue_date", 
        "birth_date_mrz", 
        "nationality_mrz", 
        "gender", 
        "expiry_date_mrz", 
        "surname_mrz", 
        "number", 
        "name", 
        "full_mrz", 
        "expiry_date_mrz_formatted", 
        "number_mrz", 
        "birth_place", 
        "gender_mrz", 
        "birth_date", 
        "name_mrz", 
        "surname", 
        "birth_date_mrz_formatted", 
        "expiry_date", 
        "middle_name"
    ], 
    "phl.passport.type2": [
        "issue_date", 
        "full_mrz", 
        "surname", 
        "name", 
        "gender", 
        "expiry_date_mrz", 
        "surname_mrz", 
        "number", 
        "expiry_date_mrz_formatted", 
        "birth_date_mrz", 
        "expiry_date", 
        "birth_place", 
        "number_mrz", 
        "name_mrz", 
        "birth_date", 
        "middle_name", 
        "nationality", 
        "gender_mrz", 
        "birth_date_mrz_formatted", 
        "nationality_mrz"
    ], 
    "pol.id.type1": [
        "number",
        "expiry_date",
        "surname",
        "name",
        "family_name",
        "parents_names",
        "birth_date",
        "gender",
        "pesel_number",
        "number_mrz",
        "surname_mrz",
        "name_mrz",
        "gender_mrz",
        "birth_date_mrz",
        "expiry_date_mrz",
        "birth_date_mrz_formatted",
        "expiry_date_mrz_formatted",
        "full_mrz"
    ], 
    "pol.id.type2": [
        "surname",
        "name",
        "family_name",
        "parents_names",
        "birth_date",
        "gender",
        "pesel_number_mrz",
        "number_mrz",
        "surname_mrz",
        "name_mrz",
        "gender_mrz",
        "birth_date_mrz",
        "expiry_date_mrz",
        "birth_date_mrz_formatted",
        "expiry_date_mrz_formatted",
        "full_mrz"
    ], 
    "prt.drvlic.type1": [
      "surname", 
      "name", 
      "expiry_date", 
      "birth_date", 
      "issue_date", 
      "driver_id", 
      "number"
    ], 
    "prt.id.type1": [
        "surname", 
        "name",
        "gender",
        "birth_date",
        "expiry_date",
        "number" 
    ], 
    "rus.birth_certificate.type1": [
        "full_number", 
        "surname", 
        "issue_year", 
        "gender_predicted", 
        "issue_day", 
        "number", 
        "issue_month", 
        "series", 
        "name_and_patronymic", 
        "patronymic", 
        "name",
        "birth_date",
        "issue_date"
    ], 
    "rou.id.type1": [
        "surname",
        "name",
        "cnp_number",
        "number_mrz",
        "surname_mrz",
        "name_mrz",
        "gender_mrz",
        "birth_date_mrz",
        "expiry_date_mrz",
        "birth_date_mrz_formatted",
        "expiry_date_mrz_formatted",
        "full_mrz",
        "address",
        "address_second"
    ], 
    "rus.drvlic.type1": [
        "issue_date", 
        "gender_predicted", 
        "expiration_date", 
        "number", 
        "name_rus", 
        "birth_date", 
        "surname_rus", 
        "name_and_patronymic_rus", 
        "patronymic_rus"
    ], 
    "rus.drvlic.type2": [
        "issue_date", 
        "expiration_date", 
        "gender_predicted", 
        "surname_rus", 
        "number", 
        "name_rus", 
        "birth_date", 
        "patronymic_rus"
    ], 
    "rus.drvlic.type3": [
        "issue_date", 
        "expiration_date", 
        "gender_predicted", 
        "patronymic_rus", 
        "number", 
        "name_rus", 
        "number2", 
        "surname_rus", 
        "birth_date"
    ], 
    "rus.passport.biometric": [
        "surname", 
        "surname_mrz", 
        "number", 
        "authority", 
        "birth_date_mrz", 
        "birth_place", 
        "number_mrz", 
        "gender_mrz", 
        "patronymic", 
        "name_mrz", 
        "issue_date", 
        "nationality_mrz", 
        "full_mrz", 
        "expiry_date_mrz_formatted", 
        "expiry_date", 
        "birth_date_mrz_formatted", 
        "name", 
        "gender", 
        "expiry_date_mrz", 
        "name_and_patronymic", 
        "birth_date"
    ], 
    "rus.passport.national": [
        "series", 
        "number", 
        "surname", 
        "name", 
        "patronymic", 
        "gender", 
        "birthdate", 
        "birthplace", 
        "authority", 
        "issue_date", 
        "authority_code", 
        "mrz_line1", 
        "mrz_line2", 
        "full_mrz"
    ], 
    "rus.snils.type1": [
        "patronymic", 
        "surname", 
        "name", 
        "birth_date", 
        "number"
    ], 
    "rus.snils.type2": [
        "patronymic", 
        "surname", 
        "name", 
        "birth_date", 
        "number"
    ], 
    "rus.sts.new": [
        "plate", 
        "chassis_number", 
        "vin", 
        "number", 
        "body_number"
    ], 
    "rus.sts.old": [
        "plate", 
        "chassis_number", 
        "vin", 
        "number", 
        "body_number"
    ], 
    "rus.visa.type1": [
        "surname_given_names", 
        "doc_num_mrz", 
        "doc_type_code_mrz", 
        "surname_mrz", 
        "number", 
        "name_mrz_formatted", 
        "until_date", 
        "duration", 
        "name_mrz", 
        "issue_date", 
        "passport_number", 
        "from_to", 
        "entry_date", 
        "gender_mrz", 
        "surname_mrz_formatted", 
        "type", 
        "invitation_number", 
        "opt_data_2_mrz", 
        "visa_id", 
        "nationality", 
        "birth_date_mrz_formatted", 
        "nationality_mrz", 
        "opt_data_1_mrz", 
        "gender", 
        "birth_date_mrz", 
        "surname_given_names_eng", 
        "birth_date", 
        "full_mrz"
    ], 
    "rusid_back": [
        "lines_mrz", 
        "doc_num_mrz", 
        "expiry_date_mrz", 
        "surname_mrz", 
        "birth_date_mrz", 
        "name_mrz", 
        "gender_mrz"
    ], 
    "rusid_face": [
        "issue_date", 
        "expiration_date", 
        "doc_number", 
        "name_rus", 
        "birth_place", 
        "patroname_rus", 
        "surname_rus", 
        "birth_date"
    ], 
    "sgp.id.type1": [
        "number", 
        "name", 
        "name2", 
        "name3",
        "gender",
        "birth_date",
        "birth_country",
        "race"
    ], 
    "sgp.work.type1": [
        "type", 
        "number", 
        "number2", 
        "employer", 
        "sector", 
        "name", 
        "occupation", 
        "application_date",
        "issue_date",
        "expiry_date"
    ], 
    "svk.id.type1": [
        "name",
        "surname",
        "birth_date",
        "issue_date",
        "expiry_date",
        "number",
        "gender",
        "nationality"
    ],
    "swe.drvlic.type1": [
        "issue_date", 
        "surname", 
        "name", 
        "number", 
        "driver_id", 
        "birth_date", 
        "expiry_date"
    ], 
    "swe.drvlic.type2": [
        "issue_date", 
        "surname", 
        "name", 
        "number", 
        "driver_id", 
        "birth_date", 
        "expiry_date"
    ], 
    "syr.passport.type1": [
        "birth_date_mrz", 
        "expiry_date_mrz", 
        "surname_mrz", 
        "full_mrz", 
        "expiry_date_mrz_formatted", 
        "number_mrz", 
        "gender_mrz", 
        "birth_date", 
        "name_mrz", 
        "birth_date_mrz_formatted"
    ], 
    "tur.drvlic.type1": [
      "surname", 
      "name", 
      "expiry_date", 
      "birth_date", 
      "issue_date", 
      "driver_id", 
      "number"
    ], 
    "tur.id.type1": [
        "surname", 
        "name",
        "gender",
        "birth_date", 		
        "expiry_date",    
        "id_number", 
        "number" 
    ], 
    "usa.drvlic.ca.type1": [
        "surname", 
        "name", 
        "number", 
        "expiry_date", 
        "birth_date",
        "issue_date"
    ],
    "usa.drvlic.nm.type1": [
        "number",
        "birth_date",
        "issue_date",
        "expiry_date",
        "surname",
        "name"
    ],
    "usa.drvlic.tx.type1": [
        "issue_date",
        "number",
        "birth_date",
        "surname",
        "name",
        "expiry_date"
    ],
    "usa.drvlic.al.type1": [
        "surname",
        "name",
        "expiry_date",
        "birth_date",
        "number",
        "issue_date"
    ],
    "usa.drvlic.az.type1": [
        "surname",
        "name",
        "birth_date",
        "number",
        "expiry_date",
        "issue_date"
    ],
    "usa.drvlic.fl.type1": [
        "number",
        "surname",
        "name",
        "birth_date",
        "issue_date",
        "expiry_date"
    ],
    "usa.drvlic.ma.type1": [
        "surname",
        "name",
        "number",
        "birth_date",
        "issue_date",
        "expiry_date"
    ],
    "usa.drvlic.wa.type1": [
        "number",
        "surname",
        "name",
        "birth_date",
        "issue_date",
        "expiry_date"
    ],
    "usa.drvlic.dc.type1": [
        "number",
        "expiry_date",
        "name",
        "issue_date",
        "birth_date"
    ],
    "usa.drvlic.dc.type2": [
        "number",
        "surname",
        "given_name_1",
        "given_name_2",
        "expiry_date",
        "birth_date",
        "issue_date"
    ],
    "usa.drvlic.mi.type1": [
        "number",
        "birth_date",
        "issue_date",
        "expiry_date",
        "name"
    ],
    "usa.drvlic.me.type1": [
        "surname",
        "name",
        "number",
        "issue_date",
        "expiry_date",
        "birth_date"
    ],
    "usa.residence.type1": [
        "surname",
        "name",
        "number",
        "category",
        "birth_date",
        "gender",
        "expiry_date",
        "resident_since"
    ],
    "usa.border_crossing.type1": [
        "name",
        "surname",
        "birth_date",
        "issue_date",
        "expiry_date",
        "gender",
        "number"
    ],
    "usa.border_crossing.type2": [
        "name",
        "surname",
        "birth_date",
        "nationality",
        "gender",
        "issue_date",
        "expiry_date",
        "number"
    ],
    "usa.visa.type1": [
        "issue_place",
        "control_number",
        "surname",
        "given_names",
        "passport_number",
        "gender",
        "birth_date",
        "nationality",
        "expiry_date",
        "issue_date",
        "passport_number_mrz", 
        "doc_type_code_mrz", 
        "surname_mrz", 
        "name_mrz", 
        "gender_mrz",   
        "opt_data_2_mrz", 
        "birth_date_mrz_formatted", 
        "nationality_mrz",  
        "birth_date_mrz",
        "doc_type_code_mrz",
        "full_mrz",
        "birth_date_mrz",
        "birth_date_mrz_formatted",
        "expiry_date_mrz",
        "expiry_date_mrz_formatted"
    ],
    "usa.passport.type1": [
        "issue_date", 
        "expiry_date_mrz", 
        "birth_date_mrz", 
        "nationality_mrz", 
        "gender", 
        "opt_data_2_mrz", 
        "surname_mrz", 
        "number", 
        "full_mrz", 
        "expiry_date_mrz_formatted", 
        "number_mrz", 
        "birth_place", 
        "gender_mrz", 
        "birth_date", 
        "name_mrz", 
        "surname", 
        "birth_date_mrz_formatted", 
        "expiry_date", 
        "name"
    ], 
    "usa.passport.type2": [
        "issue_date", 
        "expiry_date_mrz", 
        "birth_date_mrz", 
        "nationality_mrz", 
        "gender", 
        "opt_data_2_mrz", 
        "surname_mrz", 
        "number", 
        "full_mrz", 
        "expiry_date_mrz_formatted", 
        "number_mrz", 
        "birth_place", 
        "gender_mrz", 
        "birth_date", 
        "name_mrz", 
        "surname", 
        "birth_date_mrz_formatted", 
        "expiry_date", 
        "name"
    ],
    "usa.passport_card.type1": [
      "number",
      "name",
      "gender",
      "birth_date",
      "birth_place",
      "issue_date",
      "expiry_date",
      "nationality",
      "surname"
    ],
    "usa.passport_card.type2": [
        "number",
        "surname",
        "name",
        "gender",
        "birth_date",
        "birth_place",
        "issue_date",
        "expiry_date",
        "nationality"
    ],
    "usa.ammpid.type1" : [
        "number",
        "name",
        "issue_date",
        "expiry_date",
        "birth_date"
    ],
    "fcb.mobil.cover": [
        "mobile_number",
        "number"
    ],
    "slv.id.type1": [
        "surname",
        "name",
        "number",
        "gender",
        "birth_date"
    ],
    "slv.vrd.type1": [
        "number",
        "nit",
        "names",
        "vin_number",
        "chassis_number",
        "color"
    ],
    "geo.passport.type1": [
        "id_number",
        "birth_date_mrz",
        "birth_date_mrz_formatted",
        "expiry_date_mrz",
        "expiry_date_mrz_formatted",
        "gender_mrz",
        "name_mrz",
        "surname_mrz",
        "nationality_mrz",
        "number_mrz",
        "full_mrz"
    ],
    "geo.passport.type2": [
        "birth_date_mrz",
        "birth_date_mrz_formatted",
        "expiry_date_mrz",
        "expiry_date_mrz_formatted",
        "gender_mrz",
        "name_mrz",
        "surname_mrz",
        "nationality_mrz",
        "number_mrz",
        "id_number_mrz",
        "full_mrz"
    ],
    "geo.id.type1": [
        "name",
        "name_eng",
        "surname",
        "surname_eng",
        "number",
        "id_number",
        "birth_date",
        "expiry_date"
    ],
    "grc.drvlic.type1": [
        "surname",
        "name",
        "birth_date",
        "issue_date",
        "expiry_date",
        "authority",
        "id_number",
        "number"
    ],
    "ltu.id.type1": [
        "surname",
        "name",
        "birth_date",
        "personal_number",
        "number",
        "expiry_date",
        "gender"
    ],
    "voshod.type1": [
        "surname", 
        "name", 
        "patronymic",
        "birth_date",
        "birth_place",
        "birth_place2",
        "birth_place3",
        "prev_surname", 
        "prev_name", 
        "prev_patronymic",
        "change_date",
        "change_place",
        "change_place2",
        "change_place3",
        "address1_1",
        "address1_2",
        "address1_3",
        "address1_4",
        "address2_1",
        "address2_2",
        "address2_3",
        "address2_4",
        "address1_house",
        "address1_block",
        "address1_building",
        "address1_flat",
        "address1_regdate",
        "passport_series",
        "passport_number",
        "passport_date",
        "passport_issue1",
        "passport_issue2",
        "passport_issue3"

    ],
    "hkg.id.type1": [
      "number",
      "code",
      "name",	
      "birth_date",
      "issue_date"
    ],
    "srb.drvlic.type1": [
        "surname",
        "name",
        "issue_date",
        "expiry_date",
        "authority",
        "number"
    ],
    "srb.id.type1": [
        "surname",
        "name",
        "birth_date",
        "gender",
        "number",
        "issue_date",
        "expiry_date"
    ],
    "hrv.id.type1": [
        "surname",
        "name",
        "birth_date",
        "expiry_date",
        "number",
        "gender",
        "citizenship"
    ],
    "hrv.id.type2": [
        "name",
        "surname",
        "birth_date",
        "citizenship",
        "gender",
        "number",
        "expiry_date"
    ],
    "idn.id.type1": [
        "number",
        "name",
        "birth_date"
    ],
    "zaf.pilotlic.type1": [
        "surname",
        "name",
        "birth_date",
        "gender",
        "expiry_date",
        "number",
        "nationality"
    ],
    "zaf.id.type1": [
        "surname",
        "name",
        "birth_date",
        "gender",
        "number",
        "nationality"
    ],
    "chl.id.type1": [
        "surname",
        "surname_second",
        "name",
        "nationality",
        "gender",
        "birth_date",
        "issue_date",
        "expiry_date",
        "number"
    ],
    "tjk.passport.type1": [
        "surname",
        "name",
        "nationality",
        "birth_date",
        "gender",
        "issue_date",
        "expiry_date",
        "number",
        "full_mrz",
        "name_mrz",
        "surname_mrz",
        "number_mrz",
        "nationality_mrz",
        "gender_mrz",
        "birth_date_mrz",
        "birth_date_mrz_formatted",
        "expiry_date_mrz",
        "expiry_date_mrz_formatted"
    ],
    "pol.drvlic.type1": [
        "name",
        "surname",
        "number",
        "issue_date",
        "birth_date"
    ],
    "hun.drvlic.type1": [
        "name",
        "surname",
        "issue_date",
        "expiry_date",
        "birth_date",
        "number"
    ],
    "hun.id.type1": [
        "surname_given_names",
        "number"
    ],
    "hun.id.type2": [
        "surname_given_names",
        "number",
        "birth_date",
        "expiry_date",
        "gender",
        "card_access_number"
    ],
    "mkd.id.type1": [
        "name",
        "surname",
        "gender",
        "number",
        "issue_date",
        "birth_date",
        "expiry_date"
    ],
    "uzb.passport.type1": [
        "number",
        "surname",
        "name",
        "birth_date",
        "issue_date",
        "expiry_date",
        "gender",
        "full_mrz",
        "name_mrz",
        "surname_mrz",
        "number_mrz",
        "nationality_mrz",
        "gender_mrz",
        "birth_date_mrz",
        "birth_date_mrz_formatted",
        "expiry_date_mrz",
        "expiry_date_mrz_formatted"
    ],
    "arm.id.type1": [
      "surname",
      "surname_eng",
      "name",
      "name_eng",
      "patronymic",
      "gender",
      "birth_date",
      "expiry_date",
      "number"
    ],
    "mkd.id.type2": [
        "name",
        "surname",
        "gender",
        "number",
        "issue_date",
        "birth_date",
        "expiry_date"
    ]
}